pdb,chain,res_id,residue,DiscoTope-3.0_score,calibrated_score,epitope,rsa,pLDDTs,length,alphafold_struc_flag
file_B,B,16,V,0.08288,-0.01767,False,1.38593,100,466,0
file_B,B,17,P,0.10108,0.18565,False,0.63625,100,466,0
file_B,B,18,V,0.08766,0.03573,False,0.57545,100,466,0
file_B,B,19,S,0.12220,0.42159,False,0.62560,100,466,0
file_B,B,20,K,0.11037,0.28943,False,0.84002,100,466,0
file_B,B,21,V,0.08334,-0.01253,False,0.26769,100,466,0
file_B,B,22,V,0.14815,0.71149,False,0.27858,100,466,0
file_B,B,23,S,0.08615,0.01886,False,0.12214,100,466,0
file_B,B,24,T,0.01819,-0.74035,False,0.02531,100,466,0
file_B,B,25,D,0.10392,0.21738,False,0.47236,100,466,0
file_B,B,26,E,0.17096,0.96631,True,0.66032,100,466,0
file_B,B,27,Y,0.08475,0.00322,False,0.09370,100,466,0
file_B,B,28,V,0.01754,-0.74761,False,0.04896,100,466,0
file_B,B,29,A,0.06754,-0.18904,False,0.48703,100,466,0
file_B,B,30,R,0.03185,-0.58775,False,0.36013,100,466,0
file_B,B,31,T,0.08352,-0.01052,False,0.14191,100,466,0
file_B,B,32,N,0.10722,0.25424,False,0.82222,100,466,0
file_B,B,33,I,0.08896,0.05025,False,0.32479,100,466,0
file_B,B,34,Y,0.04657,-0.42330,False,0.24517,100,466,0
file_B,B,35,Y,0.04337,-0.45905,False,0.12089,100,466,0
file_B,B,36,H,0.01545,-0.77096,False,0.03495,100,466,0
file_B,B,37,A,0.00230,-0.91786,False,0.00000,100,466,0
file_B,B,38,G,0.02217,-0.69589,False,0.18090,100,466,0
file_B,B,39,T,0.03550,-0.54697,False,0.06499,100,466,0
file_B,B,40,S,0.06043,-0.26847,False,0.69629,100,466,0
file_B,B,41,R,0.06673,-0.19809,False,0.59034,100,466,0
file_B,B,42,L,0.03529,-0.54932,False,0.15663,100,466,0
file_B,B,43,L,0.07020,-0.15932,False,0.64593,100,466,0
file_B,B,44,A,0.04716,-0.41671,False,0.22830,100,466,0
file_B,B,45,V,0.19618,1.24805,True,0.65018,100,466,0
file_B,B,46,G,0.01992,-0.72102,False,0.01127,100,466,0
file_B,B,47,H,0.10736,0.25581,False,0.08941,100,466,0
file_B,B,48,P,0.00494,-0.88837,False,0.00398,100,466,0
file_B,B,49,Y,0.09386,0.10499,False,0.16466,100,466,0
file_B,B,50,F,0.24579,1.80226,True,0.44588,100,466,0
file_B,B,51,P,0.05314,-0.34991,False,0.34011,100,466,0
file_B,B,52,I,0.26126,1.97509,True,0.31199,100,466,0
file_B,B,53,K,0.08843,0.04433,False,0.45604,100,466,0
file_B,B,54,K,0.11498,0.34093,False,0.45415,100,466,0
file_B,B,55,P,0.21146,1.41875,True,0.98569,100,466,0
file_B,B,56,N,0.14058,0.62692,False,0.86342,100,466,0
file_B,B,57,N,0.12157,0.41455,False,0.56602,100,466,0
file_B,B,58,N,0.19493,1.23409,True,0.70446,100,466,0
file_B,B,59,K,0.16665,0.91816,True,0.67467,100,466,0
file_B,B,60,I,0.23050,1.63145,True,0.49420,100,466,0
file_B,B,61,L,0.15777,0.81896,False,0.38645,100,466,0
file_B,B,62,V,0.08830,0.04288,False,0.22564,100,466,0
file_B,B,63,P,0.11632,0.35590,False,0.44634,100,466,0
file_B,B,64,K,0.04993,-0.38577,False,0.18139,100,466,0
file_B,B,65,V,0.03494,-0.55323,False,0.06664,100,466,0
file_B,B,66,S,0.01604,-0.76437,False,0.03231,100,466,0
file_B,B,67,G,0.01398,-0.78738,False,0.03700,100,466,0
file_B,B,68,L,0.01224,-0.80682,False,0.03380,100,466,0
file_B,B,69,Q,0.03856,-0.51279,False,0.05230,100,466,0
file_B,B,70,Y,0.00380,-0.90111,False,0.00000,100,466,0
file_B,B,71,R,0.02471,-0.66751,False,0.05842,100,466,0
file_B,B,72,V,0.00341,-0.90546,False,0.00000,100,466,0
file_B,B,73,F,0.00185,-0.92289,False,0.00000,100,466,0
file_B,B,74,R,0.01662,-0.75789,False,0.09176,100,466,0
file_B,B,75,I,0.00240,-0.91675,False,0.00000,100,466,0
file_B,B,76,H,0.04541,-0.43626,False,0.21123,100,466,0
file_B,B,77,L,0.00670,-0.86871,False,0.01523,100,466,0
file_B,B,78,P,0.02724,-0.63925,False,0.08748,100,466,0
file_B,B,79,D,0.02494,-0.66494,False,0.17499,100,466,0
file_B,B,80,P,0.00227,-0.91820,False,0.00147,100,466,0
file_B,B,81,N,0.06171,-0.25417,False,0.23995,100,466,0
file_B,B,82,K,0.16685,0.92039,True,0.79128,100,466,0
file_B,B,83,F,0.06475,-0.22021,False,0.24398,100,466,0
file_B,B,84,G,0.19840,1.27285,True,0.98585,100,466,0
file_B,B,85,F,0.11742,0.36819,False,0.12518,100,466,0
file_B,B,86,P,0.20250,1.31865,True,0.99378,100,466,0
file_B,B,87,D,0.28243,2.21158,True,0.62366,100,466,0
file_B,B,88,T,0.10478,0.22698,False,0.37716,100,466,0
file_B,B,89,S,0.21641,1.47405,True,0.84276,100,466,0
file_B,B,90,F,0.12411,0.44293,False,0.27444,100,466,0
file_B,B,91,Y,0.06461,-0.22177,False,0.10283,100,466,0
file_B,B,92,N,0.11727,0.36651,False,0.48138,100,466,0
file_B,B,93,P,0.07774,-0.07509,False,0.50887,100,466,0
file_B,B,94,D,0.07893,-0.06180,False,0.68460,100,466,0
file_B,B,95,T,0.10241,0.20051,False,0.46407,100,466,0
file_B,B,96,Q,0.07460,-0.11017,False,0.17008,100,466,0
file_B,B,97,R,0.07169,-0.14268,False,0.12656,100,466,0
file_B,B,98,L,0.00158,-0.92591,False,0.00061,100,466,0
file_B,B,99,V,0.00119,-0.93026,False,0.00000,100,466,0
file_B,B,100,W,0.00317,-0.90814,False,0.00000,100,466,0
file_B,B,101,A,0.00193,-0.92200,False,0.00255,100,466,0
file_B,B,102,C,0.00421,-0.89653,False,0.01777,100,466,0
file_B,B,103,V,0.02934,-0.61579,False,0.15113,100,466,0
file_B,B,104,G,0.00461,-0.89206,False,0.00000,100,466,0
file_B,B,105,V,0.00143,-0.92758,False,0.00000,100,466,0
file_B,B,106,E,0.02719,-0.63981,False,0.07482,100,466,0
file_B,B,107,V,0.00205,-0.92066,False,0.00164,100,466,0
file_B,B,108,G,0.04246,-0.46922,False,0.06794,100,466,0
file_B,B,109,R,0.04818,-0.40532,False,0.06723,100,466,0
file_B,B,110,G,0.09528,0.12085,False,0.45293,100,466,0
file_B,B,111,Q,0.14152,0.63742,False,0.30995,100,466,0
file_B,B,112,P,0.12847,0.49163,False,0.71693,100,466,0
file_B,B,113,L,0.15352,0.77148,False,0.37936,100,466,0
file_B,B,114,G,0.09405,0.10711,False,0.13680,100,466,0
file_B,B,115,V,0.06903,-0.17239,False,0.46237,100,466,0
file_B,B,116,G,0.08960,0.05740,False,0.13839,100,466,0
file_B,B,117,I,0.15397,0.77651,False,0.54050,100,466,0
file_B,B,118,S,0.04512,-0.43950,False,0.03317,100,466,0
file_B,B,119,G,0.10894,0.27346,False,0.14423,100,466,0
file_B,B,120,H,0.05815,-0.29394,False,0.10650,100,466,0
file_B,B,121,P,0.14139,0.63597,False,0.56281,100,466,0
file_B,B,122,L,0.14212,0.64412,False,0.49296,100,466,0
file_B,B,123,L,0.00511,-0.88647,False,0.00165,100,466,0
file_B,B,124,N,0.02407,-0.67466,False,0.03676,100,466,0
file_B,B,125,K,0.05280,-0.35371,False,0.14503,100,466,0
file_B,B,126,L,0.10442,0.22296,False,0.24029,100,466,0
file_B,B,127,D,0.15189,0.75327,False,0.24233,100,466,0
file_B,B,128,D,0.05394,-0.34097,False,0.35947,100,466,0
file_B,B,129,T,0.28054,2.19047,True,0.31188,100,466,0
file_B,B,130,E,0.15654,0.80522,False,0.49070,100,466,0
file_B,B,131,N,0.19468,1.23129,True,0.82622,100,466,0
file_B,B,132,A,0.19228,1.20448,True,0.64089,100,466,0
file_B,B,133,S,0.22355,1.55381,True,0.95632,100,466,0
file_B,B,134,A,0.21703,1.48097,True,0.75193,100,466,0
file_B,B,135,Y,0.24456,1.78852,True,0.41376,100,466,0
file_B,B,136,A,0.08624,0.01987,False,0.47377,100,466,0
file_B,B,137,A,0.11960,0.39254,False,0.86426,100,466,0
file_B,B,138,N,0.20691,1.36792,True,0.87174,100,466,0
file_B,B,139,A,0.23262,1.65514,True,0.70555,100,466,0
file_B,B,140,G,0.23399,1.67044,True,0.58430,100,466,0
file_B,B,141,V,0.12578,0.46158,False,1.01627,100,466,0
file_B,B,142,D,0.10183,0.19403,False,0.57398,100,466,0
file_B,B,143,N,0.06764,-0.18792,False,0.31345,100,466,0
file_B,B,144,R,0.19402,1.22392,True,0.34724,100,466,0
file_B,B,145,E,0.13102,0.52012,False,0.36664,100,466,0
file_B,B,146,C,0.18735,1.14941,True,0.75053,100,466,0
file_B,B,147,I,0.09244,0.08913,False,0.17608,100,466,0
file_B,B,148,S,0.17054,0.96162,True,0.49582,100,466,0
file_B,B,149,M,0.02883,-0.62149,False,0.05321,100,466,0
file_B,B,150,D,0.04603,-0.42934,False,0.12464,100,466,0
file_B,B,151,Y,0.01484,-0.77777,False,0.02088,100,466,0
file_B,B,152,K,0.05358,-0.34499,False,0.11778,100,466,0
file_B,B,153,Q,0.02431,-0.67198,False,0.07582,100,466,0
file_B,B,154,T,0.01194,-0.81017,False,0.01428,100,466,0
file_B,B,155,Q,0.00810,-0.85307,False,0.00926,100,466,0
file_B,B,156,L,0.00669,-0.86882,False,0.01649,100,466,0
file_B,B,157,C,0.00122,-0.92993,False,0.00000,100,466,0
file_B,B,158,L,0.00809,-0.85318,False,0.01415,100,466,0
file_B,B,159,I,0.00159,-0.92579,False,0.00160,100,466,0
file_B,B,160,G,0.00310,-0.90893,False,0.00691,100,466,0
file_B,B,161,C,0.01103,-0.82034,False,0.01188,100,466,0
file_B,B,162,K,0.05990,-0.27439,False,0.35675,100,466,0
file_B,B,163,P,0.01070,-0.82402,False,0.09867,100,466,0
file_B,B,164,P,0.00519,-0.88558,False,0.01491,100,466,0
file_B,B,165,I,0.09582,0.12689,False,0.18079,100,466,0
file_B,B,166,G,0.00174,-0.92412,False,0.00000,100,466,0
file_B,B,167,E,0.06650,-0.20066,False,0.20010,100,466,0
file_B,B,168,H,0.03314,-0.57334,False,0.03722,100,466,0
file_B,B,169,W,0.15414,0.77840,False,0.49989,100,466,0
file_B,B,170,G,0.01435,-0.78325,False,0.00483,100,466,0
file_B,B,171,K,0.21281,1.43383,True,0.50988,100,466,0
file_B,B,172,G,0.18452,1.11779,True,0.17815,100,466,0
file_B,B,173,S,0.16232,0.86979,False,0.84534,100,466,0
file_B,B,174,P,0.17044,0.96050,True,0.46562,100,466,0
file_B,B,175,C,0.21063,1.40948,True,0.62740,100,466,0
file_B,B,176,T,0.22024,1.51683,True,1.06825,100,466,0
file_B,B,177,N,0.21086,1.41205,True,0.83140,100,466,0
file_B,B,178,V,0.18479,1.12081,True,0.63784,100,466,0
file_B,B,179,A,0.27414,2.11897,True,0.89910,100,466,0
file_B,B,180,V,0.24017,1.73948,True,0.68167,100,466,0
file_B,B,181,N,0.25256,1.87789,True,0.60165,100,466,0
file_B,B,182,P,0.47374,4.34879,True,1.00968,100,466,0
file_B,B,183,G,0.30537,2.46786,True,0.99530,100,466,0
file_B,B,184,D,0.43630,3.93053,True,0.46265,100,466,0
file_B,B,185,C,0.25866,1.94604,True,0.74493,100,466,0
file_B,B,186,P,0.09233,0.08790,False,0.30004,100,466,0
file_B,B,187,P,0.23628,1.69602,True,0.39763,100,466,0
file_B,B,188,L,0.23022,1.62833,True,0.62886,100,466,0
file_B,B,189,E,0.16139,0.85940,False,0.49226,100,466,0
file_B,B,190,L,0.20755,1.37507,True,0.51493,100,466,0
file_B,B,191,I,0.21018,1.40445,True,0.34398,100,466,0
file_B,B,192,N,0.12399,0.44159,False,0.41425,100,466,0
file_B,B,193,T,0.07493,-0.10648,False,0.33533,100,466,0
file_B,B,194,V,0.05348,-0.34611,False,0.18354,100,466,0
file_B,B,195,I,0.00148,-0.92702,False,0.00000,100,466,0
file_B,B,196,Q,0.03543,-0.54775,False,0.19941,100,466,0
file_B,B,197,D,0.02881,-0.62171,False,0.15973,100,466,0
file_B,B,198,G,0.01618,-0.76280,False,0.32321,100,466,0
file_B,B,199,D,0.05706,-0.30612,False,0.19301,100,466,0
file_B,B,200,M,0.00561,-0.88089,False,0.00638,100,466,0
file_B,B,201,V,0.00255,-0.91507,False,0.00190,100,466,0
file_B,B,202,D,0.07417,-0.11497,False,0.07418,100,466,0
file_B,B,203,T,0.00435,-0.89496,False,0.00299,100,466,0
file_B,B,204,G,0.08315,-0.01465,False,0.27850,100,466,0
file_B,B,205,F,0.04758,-0.41202,False,0.15462,100,466,0
file_B,B,206,G,0.11529,0.34439,False,0.40918,100,466,0
file_B,B,207,A,0.06212,-0.24959,False,0.17487,100,466,0
file_B,B,208,M,0.07123,-0.14782,False,0.18845,100,466,0
file_B,B,209,D,0.05282,-0.35348,False,0.12220,100,466,0
file_B,B,210,F,0.00847,-0.84894,False,0.00546,100,466,0
file_B,B,211,T,0.09599,0.12879,False,0.51639,100,466,0
file_B,B,212,T,0.10278,0.20464,False,0.39188,100,466,0
file_B,B,213,L,0.12878,0.49510,False,0.14286,100,466,0
file_B,B,214,Q,0.11013,0.28675,False,0.16626,100,466,0
file_B,B,215,A,0.25272,1.87968,True,0.91142,100,466,0
file_B,B,216,N,0.17434,1.00407,True,0.42753,100,466,0
file_B,B,217,K,0.17440,1.00474,True,0.67886,100,466,0
file_B,B,218,S,0.02614,-0.65154,False,0.01977,100,466,0
file_B,B,219,E,0.09523,0.12030,False,0.16279,100,466,0
file_B,B,220,V,0.04305,-0.46263,False,0.01428,100,466,0
file_B,B,221,P,0.00387,-0.90032,False,0.00000,100,466,0
file_B,B,222,L,0.09442,0.11125,False,0.32190,100,466,0
file_B,B,223,D,0.01501,-0.77587,False,0.01271,100,466,0
file_B,B,224,I,0.01627,-0.76180,False,0.00000,100,466,0
file_B,B,225,C,0.06104,-0.26165,False,0.11514,100,466,0
file_B,B,226,T,0.08552,0.01182,False,0.57015,100,466,0
file_B,B,227,S,0.07544,-0.10079,False,0.22433,100,466,0
file_B,B,228,I,0.04573,-0.43269,False,0.36192,100,466,0
file_B,B,229,C,0.00486,-0.88926,False,0.00000,100,466,0
file_B,B,230,K,0.01939,-0.72694,False,0.05388,100,466,0
file_B,B,231,Y,0.07156,-0.14413,False,0.22900,100,466,0
file_B,B,232,P,0.00520,-0.88547,False,0.00661,100,466,0
file_B,B,233,D,0.03746,-0.52508,False,0.06092,100,466,0
file_B,B,234,Y,0.06502,-0.21719,False,0.10154,100,466,0
file_B,B,235,I,0.17354,0.99513,True,0.85944,100,466,0
file_B,B,236,K,0.10380,0.21604,False,0.46211,100,466,0
file_B,B,237,M,0.00677,-0.86793,False,0.00000,100,466,0
file_B,B,238,V,0.12901,0.49767,False,0.46437,100,466,0
file_B,B,239,S,0.17953,1.06205,True,0.63161,100,466,0
file_B,B,240,E,0.21860,1.49851,True,0.21631,100,466,0
file_B,B,241,P,0.26780,2.04815,True,0.66271,100,466,0
file_B,B,242,Y,0.12959,0.50415,False,0.22744,100,466,0
file_B,B,243,G,0.02198,-0.69801,False,0.02092,100,466,0
file_B,B,244,D,0.09941,0.16699,False,0.07965,100,466,0
file_B,B,245,S,0.05123,-0.37125,False,0.06668,100,466,0
file_B,B,246,L,0.00478,-0.89016,False,0.00000,100,466,0
file_B,B,247,F,0.00847,-0.84894,False,0.01991,100,466,0
file_B,B,248,F,0.03945,-0.50285,False,0.21095,100,466,0
file_B,B,249,Y,0.12750,0.48080,False,0.32186,100,466,0
file_B,B,250,L,0.12571,0.46080,False,0.25308,100,466,0
file_B,B,251,R,0.07488,-0.10704,False,0.40534,100,466,0
file_B,B,252,R,0.11818,0.37668,False,0.43751,100,466,0
file_B,B,253,E,0.08251,-0.02180,False,0.33123,100,466,0
file_B,B,254,Q,0.13951,0.61497,False,0.39221,100,466,0
file_B,B,255,M,0.17049,0.96106,True,0.41177,100,466,0
file_B,B,256,F,0.18139,1.08283,True,0.49800,100,466,0
file_B,B,257,V,0.20631,1.36122,True,0.46303,100,466,0
file_B,B,258,R,0.15054,0.73819,False,0.53399,100,466,0
file_B,B,259,H,0.13977,0.61787,False,0.40744,100,466,0
file_B,B,260,L,0.15175,0.75170,False,0.46988,100,466,0
file_B,B,261,F,0.05617,-0.31606,False,0.07035,100,466,0
file_B,B,262,N,0.02448,-0.67008,False,0.02441,100,466,0
file_B,B,263,R,0.07999,-0.04996,False,0.10478,100,466,0
file_B,B,264,A,0.07913,-0.05956,False,0.24236,100,466,0
file_B,B,265,G,0.25616,1.91811,True,0.73583,100,466,0
file_B,B,266,A,0.26744,2.04413,True,1.01801,100,466,0
file_B,B,267,V,0.12835,0.49029,False,0.46196,100,466,0
file_B,B,268,G,0.45932,4.18770,True,0.86134,100,466,0
file_B,B,269,E,0.44648,4.04426,True,0.74679,100,466,0
file_B,B,270,N,0.47123,4.32075,True,0.80342,100,466,0
file_B,B,271,V,0.19475,1.23208,True,0.30713,100,466,0
file_B,B,272,P,0.21000,1.40244,True,0.52785,100,466,0
file_B,B,273,D,0.45731,4.16524,True,0.72926,100,466,0
file_B,B,274,D,0.49114,4.54317,True,0.76228,100,466,0
file_B,B,275,L,0.27124,2.08658,True,0.80619,100,466,0
file_B,B,276,Y,0.29319,2.33179,True,0.39584,100,466,0
file_B,B,277,I,0.25294,1.88214,True,0.96644,100,466,0
file_B,B,278,K,0.36149,3.09480,True,0.81654,100,466,0
file_B,B,279,G,0.21878,1.50052,True,0.28835,100,466,0
file_B,B,280,S,0.25697,1.92716,True,0.74012,100,466,0
file_B,B,281,G,0.28992,2.29526,True,0.78708,100,466,0
file_B,B,282,S,0.17022,0.95804,True,0.73115,100,466,0
file_B,B,283,T,0.20857,1.38646,True,0.39395,100,466,0
file_B,B,284,A,0.23608,1.69379,True,0.49898,100,466,0
file_B,B,285,N,0.22260,1.54320,True,0.81789,100,466,0
file_B,B,286,L,0.22456,1.56510,True,0.50430,100,466,0
file_B,B,287,A,0.13954,0.61530,False,0.41320,100,466,0
file_B,B,288,S,0.06781,-0.18602,False,0.09375,100,466,0
file_B,B,289,S,0.09985,0.17191,False,0.38513,100,466,0
file_B,B,290,N,0.09326,0.09829,False,0.44442,100,466,0
file_B,B,291,Y,0.21468,1.45472,True,0.64155,100,466,0
file_B,B,292,F,0.04371,-0.45525,False,0.06002,100,466,0
file_B,B,293,P,0.10331,0.21056,False,0.37525,100,466,0
file_B,B,294,T,0.03747,-0.52496,False,0.02951,100,466,0
file_B,B,295,P,0.00386,-0.90044,False,0.00073,100,466,0
file_B,B,296,S,0.02762,-0.63500,False,0.01819,100,466,0
file_B,B,297,G,0.02112,-0.70762,False,0.05325,100,466,0
file_B,B,298,S,0.07464,-0.10972,False,0.40369,100,466,0
file_B,B,299,M,0.21815,1.49349,True,0.82262,100,466,0
file_B,B,300,V,0.10210,0.19704,False,0.18655,100,466,0
file_B,B,301,T,0.20301,1.32435,True,0.34609,100,466,0
file_B,B,302,S,0.13287,0.54079,False,0.62275,100,466,0
file_B,B,303,D,0.18531,1.12662,True,0.82034,100,466,0
file_B,B,304,A,0.09251,0.08991,False,0.48420,100,466,0
file_B,B,305,Q,0.04023,-0.49413,False,0.10740,100,466,0
file_B,B,306,I,0.00851,-0.84849,False,0.00560,100,466,0
file_B,B,307,F,0.00765,-0.85810,False,0.01152,100,466,0
file_B,B,308,N,0.04886,-0.39772,False,0.43627,100,466,0
file_B,B,309,K,0.08904,0.05115,False,0.45114,100,466,0
file_B,B,310,P,0.06769,-0.18736,False,0.30527,100,466,0
file_B,B,311,Y,0.07704,-0.08291,False,0.08879,100,466,0
file_B,B,312,W,0.03374,-0.56663,False,0.25421,100,466,0
file_B,B,313,L,0.03031,-0.60495,False,0.12018,100,466,0
file_B,B,314,Q,0.16818,0.93525,True,0.67427,100,466,0
file_B,B,315,R,0.15520,0.79025,False,0.67759,100,466,0
file_B,B,316,A,0.03984,-0.49849,False,0.08488,100,466,0
file_B,B,317,Q,0.20094,1.30123,True,0.37613,100,466,0
file_B,B,318,G,0.04657,-0.42330,False,0.22735,100,466,0
file_B,B,319,H,0.10390,0.21715,False,0.40980,100,466,0
file_B,B,320,N,0.02803,-0.63042,False,0.02289,100,466,0
file_B,B,321,N,0.03077,-0.59981,False,0.08846,100,466,0
file_B,B,322,G,0.00440,-0.89440,False,0.01609,100,466,0
file_B,B,323,I,0.00395,-0.89943,False,0.00080,100,466,0
file_B,B,324,C,0.00158,-0.92591,False,0.00000,100,466,0
file_B,B,325,W,0.01879,-0.73365,False,0.04610,100,466,0
file_B,B,326,G,0.06686,-0.19664,False,0.37054,100,466,0
file_B,B,327,N,0.01901,-0.73119,False,0.10249,100,466,0
file_B,B,328,Q,0.02580,-0.65533,False,0.13065,100,466,0
file_B,B,329,L,0.00064,-0.93641,False,0.00000,100,466,0
file_B,B,330,F,0.01150,-0.81509,False,0.01343,100,466,0
file_B,B,331,V,0.00117,-0.93049,False,0.00000,100,466,0
file_B,B,332,T,0.00319,-0.90792,False,0.00651,100,466,0
file_B,B,333,V,0.00106,-0.93172,False,0.00000,100,466,0
file_B,B,334,V,0.00217,-0.91932,False,0.00190,100,466,0
file_B,B,335,D,0.00523,-0.88513,False,0.01927,100,466,0
file_B,B,336,T,0.01413,-0.78571,False,0.04657,100,466,0
file_B,B,337,T,0.00855,-0.84804,False,0.00571,100,466,0
file_B,B,338,R,0.05002,-0.38476,False,0.08543,100,466,0
file_B,B,339,S,0.01658,-0.75834,False,0.02708,100,466,0
file_B,B,340,T,0.12169,0.41589,False,0.44174,100,466,0
file_B,B,341,N,0.07201,-0.13910,False,0.20484,100,466,0
file_B,B,342,M,0.18331,1.10427,True,0.49021,100,466,0
file_B,B,343,S,0.17133,0.97044,True,0.66791,100,466,0
file_B,B,344,L,0.22931,1.61816,True,0.47705,100,466,0
file_B,B,345,C,0.23772,1.71211,True,0.64246,100,466,0
file_B,B,346,A,0.22890,1.61358,True,0.48721,100,466,0
file_B,B,347,A,0.22943,1.61950,True,0.51494,100,466,0
file_B,B,348,I,0.31980,2.62906,True,0.62809,100,466,0
file_B,B,349,S,0.12440,0.44617,False,0.35199,100,466,0
file_B,B,350,T,0.24883,1.83623,True,0.97978,100,466,0
file_B,B,351,S,0.21235,1.42869,True,0.73932,100,466,0
file_B,B,352,E,0.17506,1.01211,True,0.39967,100,466,0
file_B,B,353,T,0.31570,2.58326,True,0.98903,100,466,0
file_B,B,354,T,0.22352,1.55348,True,0.67580,100,466,0
file_B,B,355,Y,0.43120,3.87356,True,0.67894,100,466,0
file_B,B,356,K,0.25492,1.90426,True,0.51086,100,466,0
file_B,B,357,N,0.26196,1.98291,True,0.75136,100,466,0
file_B,B,358,T,0.33421,2.79004,True,0.83298,100,466,0
file_B,B,359,N,0.07450,-0.11129,False,0.07698,100,466,0
file_B,B,360,F,0.20912,1.39261,True,0.32055,100,466,0
file_B,B,361,K,0.34448,2.90477,True,0.53926,100,466,0
file_B,B,362,E,0.32559,2.69374,True,0.64451,100,466,0
file_B,B,363,Y,0.31217,2.54382,True,0.43370,100,466,0
file_B,B,364,L,0.12226,0.42226,False,0.24898,100,466,0
file_B,B,365,R,0.20242,1.31776,True,0.20080,100,466,0
file_B,B,366,H,0.00529,-0.88446,False,0.00131,100,466,0
file_B,B,367,G,0.06950,-0.16714,False,0.22567,100,466,0
file_B,B,368,E,0.02526,-0.66137,False,0.03445,100,466,0
file_B,B,369,E,0.03358,-0.56842,False,0.13461,100,466,0
file_B,B,370,Y,0.00550,-0.88211,False,0.00904,100,466,0
file_B,B,371,D,0.03968,-0.50028,False,0.25955,100,466,0
file_B,B,372,L,0.00252,-0.91541,False,0.00000,100,466,0
file_B,B,373,Q,0.02146,-0.70382,False,0.07525,100,466,0
file_B,B,374,F,0.00109,-0.93138,False,0.00000,100,466,0
file_B,B,375,I,0.00262,-0.91429,False,0.00000,100,466,0
file_B,B,376,F,0.00407,-0.89809,False,0.00000,100,466,0
file_B,B,377,Q,0.03111,-0.59601,False,0.07898,100,466,0
file_B,B,378,L,0.00331,-0.90658,False,0.00000,100,466,0
file_B,B,379,C,0.00236,-0.91719,False,0.00000,100,466,0
file_B,B,380,K,0.03883,-0.50977,False,0.21067,100,466,0
file_B,B,381,I,0.00234,-0.91742,False,0.00000,100,466,0
file_B,B,382,T,0.04488,-0.44218,False,0.40779,100,466,0
file_B,B,383,L,0.02239,-0.69343,False,0.05606,100,466,0
file_B,B,384,T,0.09279,0.09304,False,0.50339,100,466,0
file_B,B,385,A,0.06429,-0.22535,False,0.71934,100,466,0
file_B,B,386,D,0.10475,0.22665,False,0.62456,100,466,0
file_B,B,387,V,0.02761,-0.63511,False,0.16254,100,466,0
file_B,B,388,M,0.03151,-0.59155,False,0.31768,100,466,0
file_B,B,389,T,0.05744,-0.30187,False,0.38958,100,466,0
file_B,B,390,Y,0.07756,-0.07710,False,0.07920,100,466,0
file_B,B,391,I,0.00253,-0.91529,False,0.00000,100,466,0
file_B,B,392,H,0.05638,-0.31371,False,0.55134,100,466,0
file_B,B,393,S,0.15507,0.78879,False,0.62841,100,466,0
file_B,B,394,M,0.11034,0.28910,False,0.15421,100,466,0
file_B,B,395,N,0.09607,0.12968,False,0.20297,100,466,0
file_B,B,396,S,0.06730,-0.19172,False,0.33169,100,466,0
file_B,B,397,T,0.08849,0.04500,False,0.53194,100,466,0
file_B,B,398,I,0.01040,-0.82737,False,0.01600,100,466,0
file_B,B,399,L,0.03778,-0.52150,False,0.09409,100,466,0
file_B,B,400,E,0.05962,-0.27752,False,0.61773,100,466,0
file_B,B,401,D,0.09276,0.09270,False,0.44004,100,466,0
file_B,B,402,W,0.01256,-0.80324,False,0.02174,100,466,0
file_B,B,403,N,0.04882,-0.39817,False,0.82982,100,466,0
file_B,B,404,F,0.04833,-0.40364,False,0.34187,100,466,0
file_B,B,405,G,0.11307,0.31959,False,0.45198,100,466,0
file_B,B,406,L,0.12083,0.40628,False,0.97003,100,466,0
file_B,B,407,Q,0.08982,0.05986,False,0.67231,100,466,0
file_B,B,408,P,0.09161,0.07986,False,0.77240,100,466,0
file_B,B,409,P,0.16089,0.85381,False,0.78443,100,466,0
file_B,B,410,P,0.18035,1.07121,True,0.81656,100,466,0
file_B,B,411,G,0.20152,1.30771,True,0.81132,100,466,0
file_B,B,412,G,0.24730,1.81913,True,1.02791,100,466,0
file_B,B,413,T,0.15519,0.79013,False,0.75865,100,466,0
file_B,B,414,L,0.18088,1.07713,True,0.99282,100,466,0
file_B,B,415,E,0.19268,1.20895,True,0.66539,100,466,0
file_B,B,416,D,0.18306,1.10148,True,0.66983,100,466,0
file_B,B,417,T,0.22996,1.62542,True,0.78954,100,466,0
file_B,B,418,Y,0.17335,0.99301,True,0.52372,100,466,0
file_B,B,419,R,0.19521,1.23721,True,0.87256,100,466,0
file_B,B,420,F,0.12575,0.46125,False,0.76774,100,466,0
file_B,B,421,V,0.14383,0.66323,False,0.59875,100,466,0
file_B,B,422,T,0.15322,0.76813,False,0.91701,100,466,0
file_B,B,423,S,0.11241,0.31222,False,0.39370,100,466,0
file_B,B,424,Q,0.34246,2.88220,True,0.93425,100,466,0
file_B,B,425,A,0.23467,1.67804,True,0.90771,100,466,0
file_B,B,426,I,0.18045,1.07232,True,0.32215,100,466,0
file_B,B,427,A,0.11814,0.37623,False,0.73128,100,466,0
file_B,B,428,C,0.10289,0.20587,False,0.81256,100,466,0
file_B,B,429,Q,0.09347,0.10063,False,0.36761,100,466,0
file_B,B,430,K,0.12015,0.39869,False,0.74392,100,466,0
file_B,B,431,H,0.13232,0.53464,False,0.74330,100,466,0
file_B,B,432,T,0.13049,0.51420,False,0.88327,100,466,0
file_B,B,433,P,0.18501,1.12327,True,0.76290,100,466,0
file_B,B,434,P,0.19024,1.18169,True,0.85751,100,466,0
file_B,B,435,A,0.11261,0.31446,False,0.76124,100,466,0
file_B,B,436,P,0.19980,1.28849,True,0.95790,100,466,0
file_B,B,437,K,0.17545,1.01647,True,0.77560,100,466,0
file_B,B,438,E,0.17077,0.96418,True,0.80927,100,466,0
file_B,B,439,D,0.16322,0.87984,False,0.29033,100,466,0
file_B,B,440,P,0.17752,1.03959,True,0.75537,100,466,0
file_B,B,441,L,0.08453,0.00076,False,0.19215,100,466,0
file_B,B,442,K,0.21417,1.44902,True,0.74464,100,466,0
file_B,B,443,K,0.26363,2.00156,True,0.80226,100,466,0
file_B,B,444,Y,0.14292,0.65306,False,0.27507,100,466,0
file_B,B,445,T,0.07943,-0.05621,False,0.56550,100,466,0
file_B,B,446,F,0.03742,-0.52552,False,0.07780,100,466,0
file_B,B,447,W,0.04028,-0.49357,False,0.22569,100,466,0
file_B,B,448,E,0.07047,-0.15631,False,0.54268,100,466,0
file_B,B,449,V,0.02694,-0.64260,False,0.06364,100,466,0
file_B,B,450,N,0.05757,-0.30042,False,0.56637,100,466,0
file_B,B,451,L,0.00263,-0.91418,False,0.00000,100,466,0
file_B,B,452,K,0.09999,0.17347,False,0.56559,100,466,0
file_B,B,453,E,0.07530,-0.10235,False,0.87113,100,466,0
file_B,B,454,K,0.07291,-0.12905,False,0.41148,100,466,0
file_B,B,455,F,0.03347,-0.56965,False,0.17249,100,466,0
file_B,B,456,S,0.03310,-0.57378,False,0.20647,100,466,0
file_B,B,457,A,0.09535,0.12164,False,0.59629,100,466,0
file_B,B,458,D,0.17776,1.04227,True,0.55417,100,466,0
file_B,B,459,L,0.02877,-0.62216,False,0.09589,100,466,0
file_B,B,460,D,0.10736,0.25581,False,0.40461,100,466,0
file_B,B,461,Q,0.14663,0.69451,False,0.61994,100,466,0
file_B,B,462,F,0.08451,0.00054,False,0.31976,100,466,0
file_B,B,463,P,0.10069,0.18129,False,0.47910,100,466,0
file_B,B,464,L,0.00393,-0.89965,False,0.00000,100,466,0
file_B,B,465,G,0.00214,-0.91965,False,0.00000,100,466,0
file_B,B,466,R,0.16810,0.93436,True,0.49061,100,466,0
file_B,B,467,K,0.05921,-0.28210,False,0.39495,100,466,0
file_B,B,468,F,0.02808,-0.62986,False,0.04586,100,466,0
file_B,B,469,L,0.05599,-0.31807,False,0.15003,100,466,0
file_B,B,470,L,0.13436,0.55743,False,0.91526,100,466,0
file_B,B,471,Q,0.07561,-0.09889,False,0.38663,100,466,0
file_B,B,472,A,0.06706,-0.19440,False,0.44457,100,466,0
file_B,B,473,G,0.05947,-0.27919,False,0.54586,100,466,0
file_B,B,474,L,0.06283,-0.24166,False,0.65544,100,466,0
file_B,B,475,K,0.15274,0.76276,False,0.92254,100,466,0
file_B,B,476,A,0.05925,-0.28165,False,0.32430,100,466,0
file_B,B,477,K,0.12062,0.40394,False,0.92664,100,466,0
file_B,B,478,P,0.15001,0.73227,False,0.92765,100,466,0
file_B,B,479,K,0.24195,1.75937,True,0.83134,100,466,0
file_B,B,480,F,0.11193,0.30686,False,0.86863,100,466,0
file_B,B,481,T,0.10092,0.18386,False,1.35181,100,466,0